{
  "gpt-4": {
    "model": "gpt-4",
    "subsets": {
      "gb500": {
        "count": 500,
        "success": 195,
        "success_rate": 0.39,
        "time": {
          "p50": 37.48687124252319,
          "p90": 49.86129236221314,
          "mean": 38.02885977888107
        },
        "attempts_mean": 1.992,
        "fail_reason_top5": [
          [
            "sim.precondition_missing",
            299
          ],
          [
            "sim.goal_not_satisfied",
            5
          ],
          [
            "sim.arity_mismatch",
            1
          ]
        ]
      },
      "gb3_100": {
        "count": 100,
        "success": 82,
        "success_rate": 0.82,
        "time": {
          "p50": 26.840931296348572,
          "p90": 40.54737629890442,
          "mean": 26.15073640823364
        },
        "attempts_mean": 1.51,
        "fail_reason_top5": [
          [
            "sim.precondition_missing",
            15
          ],
          [
            "sim.goal_not_satisfied",
            2
          ],
          [
            "val.fail",
            1
          ]
        ]
      }
    },
    "combined_600": {
      "count": 600,
      "success": 277,
      "success_rate": 0.46166666666666667,
      "time": {
        "p50": 36.251827120780945,
        "p90": 49.212290096282956,
        "mean": 36.049172550439835
      },
      "attempts_mean": 1.9116666666666666,
      "fail_reason_top5": [
        [
          "sim.precondition_missing",
          314
        ],
        [
          "sim.goal_not_satisfied",
          7
        ],
        [
          "sim.arity_mismatch",
          1
        ],
        [
          "val.fail",
          1
        ]
      ]
    }
  },
  "gpt-4o": {
    "model": "gpt-4o",
    "subsets": {
      "gb500": {
        "count": 500,
        "success": 195,
        "success_rate": 0.39,
        "time": {
          "p50": 14.161238551139832,
          "p90": 20.32369275093079,
          "mean": 15.241818103790283
        },
        "attempts_mean": 2.0,
        "fail_reason_top5": [
          [
            "sim.precondition_missing",
            296
          ],
          [
            "sim.goal_not_satisfied",
            9
          ]
        ]
      },
      "gb3_100": {
        "count": 100,
        "success": 82,
        "success_rate": 0.82,
        "time": {
          "p50": 11.252925157546997,
          "p90": 17.418992424011233,
          "mean": 11.64322991847992
        },
        "attempts_mean": 1.61,
        "fail_reason_top5": [
          [
            "sim.precondition_missing",
            12
          ],
          [
            "sim.goal_not_satisfied",
            3
          ],
          [
            "val.fail",
            3
          ]
        ]
      }
    },
    "combined_600": {
      "count": 600,
      "success": 277,
      "success_rate": 0.46166666666666667,
      "time": {
        "p50": 13.788382768630981,
        "p90": 19.929650449752806,
        "mean": 14.642053406238556
      },
      "attempts_mean": 1.935,
      "fail_reason_top5": [
        [
          "sim.precondition_missing",
          308
        ],
        [
          "sim.goal_not_satisfied",
          12
        ],
        [
          "val.fail",
          3
        ]
      ]
    }
  },
  "o1-mini": {
    "model": "o1-mini",
    "subsets": {
      "gb500": {
        "count": 500,
        "success": 201,
        "success_rate": 0.402,
        "time": {
          "p50": 57.94639754295349,
          "p90": 80.32640676498414,
          "mean": 55.855731212615964
        },
        "attempts_mean": 1.86,
        "fail_reason_top5": [
          [
            "sim.goal_not_satisfied",
            208
          ],
          [
            "sim.precondition_missing",
            90
          ],
          [
            "val.fail",
            1
          ]
        ]
      },
      "gb3_100": {
        "count": 100,
        "success": 87,
        "success_rate": 0.87,
        "time": {
          "p50": 11.69296145439148,
          "p90": 31.985378980636607,
          "mean": 17.4046467256546
        },
        "attempts_mean": 1.3,
        "fail_reason_top5": [
          [
            "sim.precondition_missing",
            10
          ],
          [
            "sim.goal_not_satisfied",
            3
          ]
        ]
      }
    },
    "combined_600": {
      "count": 600,
      "success": 288,
      "success_rate": 0.48,
      "time": {
        "p50": 53.74209654331207,
        "p90": 78.53876330852509,
        "mean": 49.44721713145574
      },
      "attempts_mean": 1.7666666666666666,
      "fail_reason_top5": [
        [
          "sim.goal_not_satisfied",
          211
        ],
        [
          "sim.precondition_missing",
          100
        ],
        [
          "val.fail",
          1
        ]
      ]
    }
  }
}