{
  "per_model": {
    "gpt-4": {
      "n": 600,
      "success": 277,
      "success_rate": 0.46166666666666667,
      "success_rate_ci95": [
        0.42214702401068854,
        0.5016740397336954
      ],
      "time": {
        "median": 36.251827120780945,
        "p90": 49.212290096282956,
        "trimmed_mean_5pct": 36.09253756955818
      },
      "retry_benefit_curve": [
        {
          "budget": 1,
          "success_within": 0.08833333333333333
        },
        {
          "budget": 2,
          "success_within": 0.46166666666666667
        }
      ],
      "plan_structure_failed": {
        "empty_len0": 0,
        "near_empty_len1": 0,
        "empty_rate": 0.0,
        "near_empty_rate": 0.0
      }
    },
    "gpt-4o": {
      "n": 600,
      "success": 277,
      "success_rate": 0.46166666666666667,
      "success_rate_ci95": [
        0.42214702401068854,
        0.5016740397336954
      ],
      "time": {
        "median": 13.788382768630981,
        "p90": 19.929650449752806,
        "trimmed_mean_5pct": 14.284147620642626
      },
      "retry_benefit_curve": [
        {
          "budget": 1,
          "success_within": 0.065
        },
        {
          "budget": 2,
          "success_within": 0.46166666666666667
        }
      ],
      "plan_structure_failed": {
        "empty_len0": 0,
        "near_empty_len1": 0,
        "empty_rate": 0.0,
        "near_empty_rate": 0.0
      }
    },
    "o1-mini": {
      "n": 600,
      "success": 288,
      "success_rate": 0.48,
      "success_rate_ci95": [
        0.4402788116987365,
        0.5199756563418116
      ],
      "time": {
        "median": 53.74209654331207,
        "p90": 78.53876330852509,
        "trimmed_mean_5pct": 49.036823801199596
      },
      "retry_benefit_curve": [
        {
          "budget": 1,
          "success_within": 0.23333333333333334
        },
        {
          "budget": 2,
          "success_within": 0.48
        }
      ],
      "plan_structure_failed": {
        "empty_len0": 165,
        "near_empty_len1": 0,
        "empty_rate": 0.5288461538461539,
        "near_empty_rate": 0.0
      }
    }
  },
  "per_model_failure_chain": {
    "gpt-4": {
      "failure_step_counts": [
        [
          1,
          255
        ],
        [
          2,
          60
        ],
        [
          3,
          160
        ],
        [
          4,
          9
        ],
        [
          5,
          28
        ],
        [
          6,
          7
        ]
      ],
      "hazard_per_step": [
        [
          1,
          0.4913294797687861
        ],
        [
          2,
          0.22727272727272727
        ],
        [
          3,
          0.7843137254901961
        ],
        [
          4,
          0.20454545454545456
        ],
        [
          5,
          0.8
        ],
        [
          6,
          1.0
        ]
      ],
      "top_npmi_action_pred_pairs": [
        {
          "action": "unstack",
          "predicate": "handempty",
          "npmi": 0.9270329937572251,
          "count": 2
        },
        {
          "action": "feast",
          "predicate": "craves",
          "npmi": 0.8068196959118372,
          "count": 48
        },
        {
          "action": "stack",
          "predicate": "clear",
          "npmi": 0.7821958359672898,
          "count": 11
        },
        {
          "action": "pick-up",
          "predicate": "ontable",
          "npmi": 0.7632575259058747,
          "count": 5
        },
        {
          "action": "stack",
          "predicate": "holding",
          "npmi": 0.7009635984293948,
          "count": 3
        },
        {
          "action": "pick-up",
          "predicate": "clear",
          "npmi": 0.6769272456662399,
          "count": 9
        },
        {
          "action": "succumb",
          "predicate": "pain",
          "npmi": 0.6610514852074982,
          "count": 16
        },
        {
          "action": "overcome",
          "predicate": "pain",
          "npmi": 0.460645130479565,
          "count": 36
        },
        {
          "action": "pick-up",
          "predicate": "handempty",
          "npmi": 0.39093158900393493,
          "count": 1
        },
        {
          "action": "attack",
          "predicate": "planet",
          "npmi": 0.2819424409336522,
          "count": 67
        },
        {
          "action": "attack",
          "predicate": "province",
          "npmi": 0.2556975121985932,
          "count": 223
        },
        {
          "action": "overcome",
          "predicate": "province",
          "npmi": 0.030656956850417867,
          "count": 69
        },
        {
          "action": "feast",
          "predicate": "province",
          "npmi": -0.17714708628864506,
          "count": 28
        }
      ]
    },
    "gpt-4o": {
      "failure_step_counts": [
        [
          1,
          76
        ],
        [
          2,
          54
        ],
        [
          3,
          290
        ],
        [
          4,
          29
        ],
        [
          5,
          68
        ],
        [
          6,
          1
        ],
        [
          7,
          1
        ]
      ],
      "hazard_per_step": [
        [
          1,
          0.1464354527938343
        ],
        [
          2,
          0.12189616252821671
        ],
        [
          3,
          0.7455012853470437
        ],
        [
          4,
          0.29292929292929293
        ],
        [
          5,
          0.9714285714285714
        ],
        [
          6,
          0.5
        ],
        [
          7,
          1.0
        ]
      ],
      "top_npmi_action_pred_pairs": [
        {
          "action": "attack",
          "predicate": "planet",
          "npmi": 0.9167294578034257,
          "count": 62
        },
        {
          "action": "pick-up",
          "predicate": "clear",
          "npmi": 0.7952211540424031,
          "count": 16
        },
        {
          "action": "stack",
          "predicate": "holding",
          "npmi": 0.7494541011046959,
          "count": 5
        },
        {
          "action": "stack",
          "predicate": "clear",
          "npmi": 0.6512477935355382,
          "count": 11
        },
        {
          "action": "feast",
          "predicate": "craves",
          "npmi": 0.6282855874444587,
          "count": 15
        },
        {
          "action": "pick-up",
          "predicate": "handempty",
          "npmi": 0.604727334774483,
          "count": 2
        },
        {
          "action": "overcome",
          "predicate": "pain",
          "npmi": 0.5999635345827475,
          "count": 273
        },
        {
          "action": "unstack",
          "predicate": "clear",
          "npmi": 0.518930438520871,
          "count": 2
        },
        {
          "action": "feast",
          "predicate": "harmony",
          "npmi": 0.45761012724135597,
          "count": 4
        },
        {
          "action": "feast",
          "predicate": "province",
          "npmi": 0.37018663167140853,
          "count": 37
        },
        {
          "action": "overcome",
          "predicate": "province",
          "npmi": -0.04938823846800609,
          "count": 80
        },
        {
          "action": "attack",
          "predicate": "province",
          "npmi": -0.11337066054396061,
          "count": 12
        }
      ]
    },
    "o1-mini": {
      "failure_step_counts": [
        [
          1,
          20
        ],
        [
          2,
          11
        ],
        [
          3,
          48
        ],
        [
          4,
          13
        ],
        [
          5,
          36
        ],
        [
          6,
          9
        ]
      ],